Rep,Word,Interval,RealTime,Time,F1,F2,F3,F1_s,F2_s,F3_s,Speaker,Ch3_X,Ch3_Y,Ch4_X,Ch4_Y
gentlemanly,gentlemanly,1,1.077926827897057,-0.14375000000000002,541.8962133993151,2075.93827259996,3053.9094250599233,541.8962133993151,2075.93827259996,3053.9094250599233,S1,36.479291199043715,10.03332523058533,60.184633445399854,12.073325230585331
gentlemanly,gentlemanly,1,1.0841768278970572,-0.1375,567.3850878693875,1999.1550170417547,2954.579277452008,577.674744489198,2010.6120241277251,2985.9075900240823,S1,35.93821272735917,9.9388741897252,59.39106098829074,12.000993517801595
gentlemanly,gentlemanly,1,1.090426827897057,-0.13125,607.1873756065892,1956.742782741461,2949.234067560316,617.3653400543902,1962.5728134538786,2947.1599445360534,S1,35.307783096295715,9.897742707526797,58.46419895268758,11.861901271445461
gentlemanly,gentlemanly,1,1.0966768278970571,-0.125,665.7873632612664,1931.8206405784204,2937.6664885958367,660.8841344740529,1935.3065914729652,2924.174874737495,S1,34.535366429629036,9.785617707526795,57.703493860453435,11.727915046117067
gentlemanly,gentlemanly,1,1.102926827897057,-0.11875,714.7486245831943,1917.3563510990145,2885.624068056333,704.0035393020295,1911.9563300758753,2871.5830670300984,S1,33.92446515818359,9.698995138351197,56.85794166021437,11.788006482198403
gentlemanly,gentlemanly,1,1.109176827897057,-0.1125,744.4089922626137,1886.6919985501906,2791.4586444381257,744.1907968920674,1885.7989235384994,2817.081087321307,S1,33.45451168649905,9.650408563918663,56.08451168649905,11.870959143608133
gentlemanly,gentlemanly,1,1.1154268278970572,-0.10625,777.1402555153192,1853.3484209662931,2722.472360988823,781.3456143885152,1868.0814724484337,2786.27469351211,S1,32.969631014575434,9.532660184468261,55.63038830704864,11.914174769414673
gentlemanly,gentlemanly,1,1.121676827897057,-0.1,818.6505534673976,1850.9277061048674,2756.862454500801,814.6628685085749,1863.0263899421025,2801.1230684619427,S1,32.503725691755996,9.4564967589008,55.194346640381994,12.068137154122002
gentlemanly,gentlemanly,1,1.1279268278970571,-0.09375,855.9850049872475,1875.0595746913425,2863.937412268658,842.1983331519101,1875.1524552841627,2838.742193541789,S1,32.23831955866173,9.406663425567466,54.83331226618852,12.238343866905739
gentlemanly,gentlemanly,1,1.134176827897057,-0.0875,873.1418513514735,1892.1257959575255,2915.1450840744465,860.7732326024073,1887.7907792320523,2877.706710381992,S1,32.05732036893653,9.3747548616488,54.74109467718053,12.4313968774196
gentlemanly,gentlemanly,1,1.140426827897057,-0.08125,872.2873286027752,1904.393659293605,2910.0984371493482,865.8208514924627,1897.5957348565234,2882.831905191378,S1,31.854736225328395,9.456006482198402,54.8895048616488,12.78077511851881
gentlemanly,gentlemanly,1,1.1466768278970572,-0.075,861.0390590796015,1912.1121433874475,2851.3793537157826,858.6838798066983,1900.183388030904,2815.0054593723125,S1,31.694326851134928,9.515709143608133,54.9471274308244,13.092764584946408
gentlemanly,gentlemanly,1,1.152926827897057,-0.06875,842.7252517377183,1897.4895765156157,2683.538587251807,832.7646144071019,1869.3510465790603,2664.5688565224937,S1,31.570157753643866,9.544502430824402,55.11518206188787,13.2435072924732
gentlemanly,gentlemanly,1,1.1591768278970571,-0.0625,794.529532403986,1809.6219453169547,2458.788628599892,762.0585441944913,1840.0515670680204,2570.9624570001283,S1,31.341864466427594,9.632503241099203,55.395006482198404,13.408135533572407
gentlemanly,gentlemanly,1,1.165426827897057,-0.05625,648.9208484417695,1616.0142172106873,2437.8773361907174,650.8629058492303,1809.2824040964276,2545.599558016649,S1,31.22,9.676168287216267,55.47,13.5485048616488
gentlemanly,gentlemanly,2,1.171676827897057,-0.05,509.13833670193543,1816.464413426026,2682.3316816974775,540.9773258536637,1790.617152858724,2619.610751820415,S1,31.192287615292667,9.767594677180538,55.481084953882934,13.650967246356137
gentlemanly,gentlemanly,2,1.1779268278970572,-0.04375,464.87279241728606,1994.3499579909878,2777.022444412023,469.3292446610164,1749.8654163287817,2655.8616128791527,S1,31.121995138351195,9.886005671923604,55.5380048616488,13.724002430824402
gentlemanly,gentlemanly,2,1.184176827897057,-0.0375,433.97660486382756,1690.787969781663,2679.3127383248993,443.6731224474418,1672.294419856431,2669.653623602642,S1,31.063112845878,9.836785994743066,55.50311284587799,13.7
gentlemanly,gentlemanly,2,1.1904268278970571,-0.03125,425.0885378190265,1572.469098183786,2617.7959605459573,431.299980278712,1597.5587844827035,2652.465673558787,S1,30.87332036893653,9.784587384707336,55.3424951383512,13.7087524308244
gentlemanly,gentlemanly,2,1.196676827897057,-0.025,430.3633352585961,1529.419285482661,2618.339106618776,430.11384332515826,1527.9396728083577,2637.6064268884898,S1,30.673987035603197,9.836127430824401,55.27849675890079,13.643987035603198
gentlemanly,gentlemanly,2,1.202926827897057,-0.01875,430.41819400316643,1481.9306347586262,2640.7207592132895,437.27275243874675,1475.0383111537965,2632.922222843965,S1,30.521658563918663,9.881336574432535,55.314839005256935,13.436819558661728
gentlemanly,gentlemanly,2,1.2091768278970572,-0.0125,426.55567626420395,1413.7650132201024,2651.1308900092417,465.7619006825516,1416.262666748363,2632.7780567051673,S1,30.28561284587799,9.831169907765869,55.40204733859027,13.218830092234132
gentlemanly,gentlemanly,2,1.215426827897057,-0.00625,476.8752008007886,1353.0923522663606,2628.8258614632327,519.6190981415966,1362.7735791941425,2620.337758825149,S1,30.1207443280764,9.861747569175598,55.4810032410992,13.124983794503995
gentlemanly,gentlemanly,2,1.2216768278970571,0,599.8859450208174,1321.4633720959641,2597.4141046739537,595.878757297156,1324.696360802008,2597.6416201773204,S1,30.07,9.845209143608134,55.608973728554545,12.907071989486127
gentlemanly,gentlemanly,3,1.2279268278970572,0.00625,707.1043719598146,1299.5333580436995,2566.6848943947753,675.4879461172759,1299.7500684268834,2571.0391017489214,S1,30.03933009223413,9.857667476941467,55.86868449271228,12.75565775364386
gentlemanly,gentlemanly,3,1.234176827897057,0.0125,764.965404716494,1278.2534751409864,2549.0183061780353,736.7452936258414,1276.3064610668991,2550.2100924863257,S1,30.032264584946407,9.880377430824401,55.99,12.628490276702397
gentlemanly,gentlemanly,3,1.2404268278970572,0.01875,796.9923822459258,1251.1325500160117,2534.9270768861657,771.4561530347902,1254.8541009610447,2539.2181496693142,S1,30.27977187741962,9.915168287216268,56.0055048616488,12.481574420310526
gentlemanly,gentlemanly,3,1.246676827897057,0.025,786.5582530955023,1235.1762777261358,2519.7206217599532,774.8973997519419,1240.1562075918055,2535.5789939049523,S1,30.585892015770806,9.965297338590268,56.135722108004934,12.4
gentlemanly,gentlemanly,3,1.2529268278970571,0.03125,762.3721172543251,1234.1597950332691,2532.491055001318,767.4302208580942,1233.6002734879314,2538.218923874699,S1,30.84001620549601,10,56.37001620549601,12.3924991897252
gentlemanly,gentlemanly,3,1.2591768278970572,0.0375,753.3602922244552,1225.052437266076,2556.4810560099463,751.1238864682801,1230.5009847109968,2544.716794756616,S1,31.17881516463589,9.980081712783733,56.62914201577082,12.310326851134928
gentlemanly,gentlemanly,3,1.265426827897057,0.04375,737.6392499260604,1228.7697003755097,2553.2026785894927,736.9193004182498,1228.0158482081026,2550.2642196589154,S1,31.476262154122008,9.98692233859027,56.905932061887874,12.306262154122006
gentlemanly,gentlemanly,3,1.2716768278970572,0.05,719.7583591042338,1226.704385524587,2545.196382696952,720.1921200213704,1218.5511516870004,2554.915201346548,S1,31.653385533572408,10.044875810274801,57.12801296439681,12.4297516205496
gentlemanly,gentlemanly,3,1.277926827897057,0.05625,703.178751033817,1203.0706581410825,2556.2835485942032,703.6561090953668,1206.7044065810815,2560.865775542355,S1,31.866682872162677,10.05,57.40068773381148,12.432665856391866
gentlemanly,gentlemanly,3,1.2841768278970571,0.0625,688.0312171480496,1190.3381760775744,2568.4032410196546,691.4524888903721,1196.7117567596804,2570.4359038766233,S1,32.0081322924732,10.05,57.636472108004945,12.478962384707335
gentlemanly,gentlemanly,3,1.2904268278970572,0.06875,683.1474984892501,1189.8426971258084,2585.825253759624,675.8183071565376,1198.6091423028868,2580.5116676051616,S1,32.24051458494641,10.131254051374002,57.87250810274801,12.5922508102748
gentlemanly,gentlemanly,3,1.296676827897057,0.075,656.2762058323128,1203.1146960431947,2598.503756169654,641.8519613435789,1213.4167189675254,2586.2365179889275,S1,32.46005544133827,10.1841274308244,58.011218866905736,12.609418287216267
gentlemanly,gentlemanly,3,1.3029268278970572,0.08125,586.1321797091738,1227.6829324155945,2588.2289523282107,585.1587107878378,1238.1574839512593,2586.2934229473526,S1,32.60017233859027,10.192832523058533,58.15884224635614,12.641502430824401
gentlemanly,gentlemanly,3,1.309176827897057,0.0875,513.0677468220267,1266.4071160997862,2576.4121154657596,518.6115626903289,1272.3209487619235,2584.407536870021,S1,32.7451355335724,10.19,58.3632645849464,12.6885032410992
gentlemanly,gentlemanly,3,1.3154268278970571,0.09375,456.6347615397862,1314.214529607578,2579.019474611648,459.4720924395148,1310.6032054116595,2583.7733774900166,S1,32.92084143608134,10.213747569175599,58.57543044133828,12.804589005256936
gentlemanly,gentlemanly,4,1.3216768278970572,0.1,408.7137689567313,1356.099302305601,2586.326774158084,422.07770573316606,1345.573196601712,2585.8294656096373,S1,33.040882292473206,10.226339815531738,58.80084953882935,12.873627430824401
gentlemanly,gentlemanly,4,1.327926827897057,0.10625,389.2543577094748,1385.0008224338198,2593.633473764748,400.08843050931983,1372.0592859498004,2589.79237783883,S1,33.1320048616488,10.312004861648802,58.980008102748,12.9040016205496
gentlemanly,gentlemanly,4,1.3341768278970572,0.1125,393.05540444922985,1395.6181068578858,2593.2581814995,394.5436788660829,1386.0461648951252,2591.5274398309007,S1,33.18783657443253,10.225949420310528,59.01945914360814,12.928918287216268
gentlemanly,gentlemanly,4,1.340426827897057,0.11875,392.07951402702054,1396.4221320600982,2591.5316601644095,391.64089098946494,1389.9327696530308,2591.623806721948,S1,33.18958738470733,10.215752430824402,59.063422338590264,12.998495138351199
gentlemanly,gentlemanly,4,1.3466768278970571,0.125,391.03824853893974,1387.5185188554603,2590.081578501935,392.42116927803744,1383.3195777316014,2586.423676400807,S1,33.273758102748005,10.24,59.1068725691756,12.9587516205496
gentlemanly,gentlemanly,4,1.3529268278970572,0.13125,392.27293211923296,1370.8719014826706,2577.657790536075,393.63051721309176,1374.853546894259,2577.255279764034,S1,33.39150729247321,10.253668287216268,59.05582928195933,13.058843866905741
gentlemanly,gentlemanly,4,1.359176827897057,0.1375,394.97729292899004,1358.8640333724707,2564.0264702540912,395.8298280985843,1368.0124919413931,2567.4381286491275,S1,33.3921225691756,10.241415046117066,59.012122569175595,13.053537615292665
gentlemanly,gentlemanly,4,1.3654268278970572,0.14375,399.14218354513423,1361.4685392066208,2560.6301251572168,398.89681096581916,1368.1196695138553,2561.5987218038517,S1,33.40925891302281,10.1935016205496,58.925488656152794,13.022760533572407
gentlemanly,gentlemanly,4,1.371676827897057,0.15,402.57101853021885,1375.126674621255,2560.139570000247,409.6142945841293,1380.2989653746463,2556.6994720010766,S1,33.53367314886507,10.193163425567466,58.76369942031053,13.113163425567466
gentlemanly,gentlemanly,4,1.3779268278970571,0.15625,405.27525512620457,1380.9183291934949,2549.3287208457664,438.5943065095303,1440.0970247719426,2535.8934161118377,S1,33.5399951383512,10.176667476941466,58.58665289199506,13.063330092234132
gentlemanly,gentlemanly,4,1.3841768278970572,0.1625,453.14899884400927,1430.2895412327816,2498.211957489499,494.5478466834273,1549.4541976778467,2532.989792337442,S1,33.5291258102748,10.170874189725199,58.383987035603184,13.031748379450399
gentlemanly,gentlemanly,5,1.390426827897057,0.16875,566.1531278854105,1711.8607351840085,2271.1519689086913,574.2791189768171,1696.8148529386901,2596.2928855789837,S1,33.57683171278373,10.158910994743064,58.278910994743065,13.020495138351198
gentlemanly,gentlemanly,5,1.3966768278970572,0.175,686.9896808707115,1968.2403646027592,2604.645439864622,658.1544716100964,1842.4113244231394,2732.699265475938,S1,33.62063715412201,10.12829733859027,58.240212384707334,13.00233981553174
gentlemanly,gentlemanly,5,1.402926827897057,0.18125,767.9545232491561,1977.7194122350895,3207.3240322320944,728.6464524341822,1943.5624793204852,2953.5778677251533,S1,33.8140129643968,10.17,58.2830016205496,13.05
gentlemanly,gentlemanly,5,1.4091768278970571,0.1875,787.6908179405797,1998.1175286814391,3210.216754496098,771.5132187601953,2002.33970000759,3111.727187790926,S1,33.887918287216266,10.178959143608134,58.343754861648804,13.058959143608135
gentlemanly,gentlemanly,5,1.4154268278970572,0.19375,795.1360414100782,2027.717422984525,3220.804978617319,786.2583461786948,2016.2875313542688,3214.9685444105817,S1,33.97677673906843,10.201339815531739,58.5766990776587,13.122757292473207
gentlemanly,gentlemanly,5,1.421676827897057,0.2,803.6174311500666,2044.1259428602866,3217.155167039326,781.7483260395587,2022.8238782775818,3214.9811220851952,S1,34.34139201577081,10.301006482198403,59.051777549343214,13.227130671923602
gentlemanly,gentlemanly,5,1.4279268278970572,0.20625,768.0152219122092,2022.3274583797468,3214.1022384485486,733.1705658891402,1990.8693755808629,3060.869824473489,S1,34.46366585639186,10.330997569175599,59.41201944659522,13.282668287216268
gentlemanly,gentlemanly,5,1.434176827897057,0.2125,649.9208440940681,1925.2582276807057,2751.352067932591,641.3446552308667,1900.6092854743617,2871.520840495097,S1,34.662226969653744,10.416717246356137,59.974793754839226,13.413094677180538
gentlemanly,gentlemanly,5,1.4404268278970571,0.21875,506.0978996863228,1754.2421703626326,2363.1373037148055,531.6534483182542,1773.6765211840222,2625.5935715464034,S1,35.020012964396805,10.550006482198404,60.74502916989282,13.522508102748004
gentlemanly,gentlemanly,6,1.4466768278970572,0.225,438.9416011743715,1641.529165508729,2546.8643622757118,454.3994928134023,1665.876059516255,2564.668286510538,S1,35.21192801051387,10.657091436081341,61.06741828721627,13.669346297730145
gentlemanly,gentlemanly,6,1.452926827897057,0.23125,418.15897757951257,1601.8568426774038,2589.5035594901306,424.8505083254922,1594.541759337091,2546.8506804016647,S1,35.36784224635613,10.750837384707335,61.03066018446827,13.862512154122003
gentlemanly,gentlemanly,6,1.4591768278970572,0.2375,412.62674095332085,1540.23926982514,2590.2880633742802,416.3641562560095,1540.4311377477388,2593.720005508623,S1,35.4617548616488,10.7786258102748,61.112135533572406,14.05801296439681
gentlemanly,gentlemanly,6,1.465426827897057,0.24375,416.74291486567284,1479.197300740673,2601.8072340649314,415.09061338901375,1488.0045691353607,2614.166909468509,S1,35.38,10.808430441338267,61.14566342556746,14.150841436081334
gentlemanly,gentlemanly,6,1.4716768278970571,0.25,414.33834897852535,1444.5771368402688,2643.5687504724065,407.56269659734716,1443.0413437967418,2628.0685823157605,S1,35.33394779976093,10.97416990776587,61.08166018446826,14.232915046117066
gentlemanly,gentlemanly,6,1.4779268278970572,0.25625,394.8671958475928,1405.3495938092842,2658.0266153443727,396.5765527765388,1402.1190696480255,2632.809806730035,S1,35.06397488148118,11.030004051374004,61.0119975691756,14.256004861648803
gentlemanly,gentlemanly,6,1.484176827897057,0.2625,380.5241135034982,1356.4304782945235,2631.1520801661663,382.4759687626786,1363.7471354065526,2627.9744241122617,S1,34.82157198948613,11.134591436081337,61.04229571804066,14.296918287216268
gentlemanly,gentlemanly,6,1.4904268278970572,0.26875,372.0365969369447,1329.4613341158504,2615.4107768513322,370.3886419118658,1316.980001493498,2620.6371418228377,S1,34.74990775364386,11.203669907765867,61.00908252305853,14.251834953882934
gentlemanly,gentlemanly,6,1.496676827897057,0.275,358.60521529515466,1265.0481920701206,2609.6832463126625,350.5486317010975,1249.13548899494,2613.5079576536777,S1,34.58248379450399,11.24,61.010127430824404,14.253120948625998
gentlemanly,gentlemanly,6,1.5029268278970571,0.28125,321.00408287119325,1152.8969407988493,2615.2863600506976,328.359042642457,1177.5613403947912,2611.6529683714707,S1,34.4149951383512,11.2575024308244,61.02416585639187,14.161658563918662
gentlemanly,gentlemanly,6,1.5091768278970572,0.2875,274.450460571406,1073.8220122457599,2609.84580900471,315.4620307312437,1119.2959671449692,2604.3680745288298,S1,34.48950972329761,11.187075230585327,61.0448774308244,13.970735415053587
gentlemanly,gentlemanly,6,1.515426827897057,0.29375,289.9315766508529,1076.580835831957,2593.493886923093,328.8847753474376,1102.548464655157,2597.752134175292,S1,34.5430032410992,11.142252430824401,61.1030032410992,13.835734604778795
gentlemanly,gentlemanly,6,1.5216768278970572,0.3,365.3778985516237,1106.68213239555,2585.512963087768,367.0607962387519,1109.0579255962773,2588.4676469557357,S1,34.66985602102775,11.182836574432535,61.17209143608134,13.592607984229188
gentlemanly,gentlemanly,6,1.527926827897057,0.30625,432.6130567886968,1128.7280308268696,2586.3395262730546,416.9316591783318,1139.1616171996197,2583.4602618494755,S1,35.04702673906841,11.164660184468266,61.32501215412201,13.39332523058533
gentlemanly,gentlemanly,6,1.5341768278970571,0.3125,474.6138863183084,1161.8524098819782,2578.471731604312,465.5059180609516,1186.2776562680722,2577.950011648289,S1,35.2956355335724,11.016238656152796,61.292490276702395,13.3337483794504
gentlemanly,gentlemanly,6,1.5404268278970572,0.31875,506.4404799718125,1232.3982634344945,2573.385955994516,504.3789683747494,1259.1268649201795,2572.6529924967745,S1,35.590959611231106,10.90707928195933,60.90890127144545,13.275910994743061
gentlemanly,gentlemanly,6,1.546676827897057,0.325,539.3763004169599,1326.1526911875621,2566.101289891496,535.4229267396089,1371.030604380737,2569.8772465001257,S1,36.20865660071721,10.814362845877994,60.66915046117066,13.203915046117066
gentlemanly,gentlemanly,6,1.5529268278970572,0.33125,566.789606780906,1473.231530755678,2546.3039983156286,558.3594113594314,1515.4739398705733,2624.146289358306,S1,36.60651863632041,10.61098541505359,60.30446677873318,13.19
gentlemanly,gentlemanly,6,1.559176827897057,0.3375,585.9409865327067,1706.3960398371473,2574.187697337235,574.4275594584108,1682.6516253952504,2738.454224961984,S1,37.09203889319041,10.450408563918662,59.77775682485025,13.197959143608132
gentlemanly,gentlemanly,6,1.5654268278970571,0.34375,584.8194876732973,1881.433583252881,2926.082170822485,576.2346738727281,1847.2561329585212,2903.3456643603663,S1,37.71584467718054,10.385407753643863,59.32204849151692,13.216660184468264
gentlemanly,gentlemanly,6,1.5716768278970572,0.35,568.0799867177852,2002.2998675010876,3243.862496067825,566.3740049941632,1996.8197035967298,3059.1331204361945,S1,37.89601296439681,10.248366086977192,58.83235312258038,13.108366086977192
gentlemanly,gentlemanly,6,1.577926827897057,0.35625,546.2225405914071,2138.7421931514514,3203.5554527965414,544.55202649892,2124.7783502498546,3155.3293236954287,S1,38.17535845185215,10.148663425567465,58.53865127144546,13.003329281959331
gentlemanly,gentlemanly,6,1.584176827897057,0.3625,519.3535521875677,2249.746670336725,3197.613706480232,522.7683543861777,2225.621648314905,3179.097510482113,S1,38.53818935436107,10.176754861648801,58.30194293811213,13.018962384707333
gentlemanly,gentlemanly,6,1.590426827897057,0.36875,502.7289703795585,2337.705594105533,3136.1233721695653,502.47843953532197,2308.1150953361102,3151.2168360906867,S1,38.660250810274796,10.198244328076397,58.0289967589008,13.0305016205496
gentlemanly,gentlemanly,6,1.5966768278970571,0.375,485.35279603883964,2375.488894457908,3080.7831507256196,486.88640968632086,2305.165439698707,3063.74705223485,S1,38.64019942031053,10.09478113309426,57.99270914360814,13.060836574432535
gentlemanly,gentlemanly,6,1.6029268278970572,0.38125,472.57746264056453,2409.301625859512,3103.703487074958,474.2032356082662,2228.7131652244875,2948.247781211603,S1,38.49799027670239,9.984497569175598,58.01033495388294,13.12617233859027
gentlemanly,gentlemanly,6,1.609176827897057,0.3875,464.6794481453943,2083.260958974657,2789.625559099825,464.96034957957414,1987.0361057977088,2708.4619152315677,S1,38.44,9.985251620549601,58.0886322924732,13.213380671923602
gentlemanly,gentlemanly,6,1.615426827897057,0.39375,457.6241379527637,1648.4724317021871,2400.5558316821553,459.89538932743153,1761.1631395065463,2551.880032750679,S1,38.318906133094266,9.880084143608133,58.21185115937894,13.180757292473201
gentlemanly,gentlemanly,6,1.621676827897057,0.4,453.8413573133208,1241.3455780858285,2344.929192785825,457.3825818841367,1551.7560278427939,2465.4587074700576,S1,38.19508495388293,9.902712384707334,58.47322210800493,13.300509723297601
gentlemanly,gentlemanly,6,1.6279268278970571,0.40625,457.1410258155097,1455.039623983401,2530.36158325796,457.1410258155097,1455.039623983401,2530.36158325796,S1,38.260008102748,9.960003241099201,58.650008102748004,13.445008913022804
forefront,forefront,1,1.178759534753521,-0.14375000000000002,797.7115141930858,1380.2966014422714,2582.101002471512,800.3434614777093,1405.9741321663341,2716.0668749931588,S1,25.075089910869725,10.279660672608685,47.195089910869726,11.321017982173945
forefront,forefront,1,1.1850095347535208,-0.1375,578.1999829980238,923.9586681336908,2598.374517375364,633.0322068442174,1072.202640807888,2698.2148960436384,S1,24.885500875217623,10.305761988115965,46.88007280391341,11.319404970289911
forefront,forefront,2,1.1912595347535209,-0.13125,523.1851233415426,884.6586804925349,2756.069787001505,544.0499785723888,910.0466154690579,2701.467095010759,S1,24.60098917884086,10.299154678550703,46.4781024824641,11.275422660724647
forefront,forefront,2,1.1975095347535207,-0.125,522.8272439588555,900.746637561712,2764.076423491013,533.5252408729463,902.0134082965609,2729.1423143398074,S1,24.403714619130522,10.331107017826055,46.21150058347842,11.262964327391314
forefront,forefront,2,1.2037595347535208,-0.11875,538.3445354136577,902.998370359028,2752.1110527236538,548.4871597580093,897.553009237556,2745.2514485135603,S1,24.294553946521837,10.43494005942018,45.95163786333358,11.345446053478161
forefront,forefront,2,1.210009534753521,-0.1125,570.4242958405363,898.9714556706871,2729.5528729544467,569.5419651825468,899.9626051827971,2726.750199251175,S1,24.100953214492968,10.432190642898593,45.722905553768314,11.417809357101406
forefront,forefront,2,1.2162595347535208,-0.10625,597.7972245798057,897.1395834926523,2698.586672075426,592.7483780119486,903.1025111069572,2687.8779271159306,S1,23.913535964347894,10.408821345217369,45.477375875217625,11.463232017826053
forefront,forefront,2,1.2225095347535209,-0.1,617.4341954618899,903.1431708523219,2635.494236317918,614.3441791788647,915.0456149770663,2631.7592853391816,S1,23.934952047536147,10.474952047536146,45.311916958405874,11.541821053478165
forefront,forefront,2,1.2287595347535207,-0.09375,634.6927921959959,921.4179452847071,2561.1969476242007,631.3327193615278,940.4572332330549,2566.3139109169033,S1,23.987982017826052,10.416053946521838,45.29,11.560672660724649
forefront,forefront,2,1.2350095347535208,-0.0875,648.2823715330708,966.4583637097073,2502.250548808591,643.7226252526099,980.7250491893068,2507.175160147325,S1,23.97392777956501,10.43285730956526,45.2964274878258,11.672857309565261
forefront,forefront,2,1.241259534753521,-0.08125,655.0969402024082,1033.1663907742334,2458.0779840091845,652.4104673461485,1029.8136991167833,2457.9562155412764,S1,24.18092807130422,10.408488011884037,45.599124124782385,11.656976023768074
forefront,forefront,2,1.2475095347535208,-0.075,658.5470805892238,1093.7060608051634,2413.540113806054,658.5860760669863,1079.0089260493269,2406.4192556068438,S1,24.317023392753516,10.386488303623242,45.78032105347816,11.713511696376758
forefront,forefront,2,1.2537595347535209,-0.06875,662.7466793537841,1130.9670433526542,2347.6396690052925,663.5075978714866,1124.5280955858066,2349.832381867441,S1,24.76223026739082,10.360839327391314,46.268033630434246,11.830767398695533
forefront,forefront,2,1.2600095347535207,-0.0625,668.2963041342066,1156.0496368490396,2288.317362790977,667.9279553836087,1167.775949376993,2294.3025453381974,S1,25.16590409507229,10.268666958405873,46.90047514855045,11.833238011884037
forefront,forefront,2,1.2662595347535208,-0.05625,673.611903595513,1202.312398381095,2246.950604218323,671.8169240921767,1214.5739727206344,2243.1830046679024,S1,25.46309357101406,10.218154678550704,47.22008816043449,11.87854137492746
forefront,forefront,2,1.272509534753521,-0.05,676.0694604947178,1267.5709200249669,2194.2810469944066,673.976307603616,1264.8439647150674,2186.575940704284,S1,26.098676029129784,10.210392982173945,47.85056842782532,11.939607017826054
forefront,forefront,2,1.2787595347535208,-0.04375,676.5652933793256,1328.231439334955,2118.4961709001236,674.3304880065336,1313.8662115697537,2118.4107027751265,S1,26.831652344637057,10.235976023768073,48.81952047536146,12.057928071304218
forefront,forefront,2,1.2850095347535209,-0.0375,673.2454235232151,1367.328473675381,2042.4548904308494,670.4838695418262,1353.1580816815888,2040.389803470214,S1,27.452616963767575,10.227261696376758,49.36245058884011,12.027095321449297
forefront,forefront,2,1.2912595347535207,-0.03125,663.548743093297,1389.5225986671694,1960.2183490796688,660.639733094938,1382.367416441771,1955.4110489358518,S1,28.02860555913001,10.266089327391315,49.99592573739054,12.013910672608684
forefront,forefront,2,1.2975095347535208,-0.025,645.125032668302,1398.9665847116792,1863.5599072970372,640.3859456238298,1404.8303176407735,1845.7791693716035,S1,28.42559415449247,10.253630994057982,50.67112924362274,12.05184502971009
forefront,forefront,2,1.303759534753521,-0.01875,612.4840611098906,1420.6328035942727,1713.5592517381046,616.0337533517213,1423.332097687009,1740.8244964899907,S1,28.873093571014067,10.223517982173945,50.93475541057958,11.990553946521835
forefront,forefront,2,1.3100095347535208,-0.0125,590.4921662769715,1453.5648604844605,1547.3836564517087,596.8835437183393,1438.9548685406037,1699.8744585288657,S1,29.3867137439129,10.358714327391315,51.3011415234779,12.033857017826053
forefront,forefront,2,1.3162595347535209,-0.00625,587.6744037681558,1456.6729350702003,1577.1494091315567,587.694067470434,1488.8636697139118,1852.899782115096,S1,29.488767982173947,10.33127997028991,51.62492807130422,12.086208041594128
forefront,forefront,2,1.3225095347535207,0,569.90670860851,1450.3271668985503,1934.035930375615,630.9973466944562,1575.683408841397,2148.502637938611,S1,29.58164210695632,10.306202339275352,51.76202339275351,12.123797660724648
forefront,forefront,3,1.3287595347535208,0.00625,582.1568609641938,1695.3113171657872,2768.1210358620347,702.8845364568998,1736.7219066635191,2571.7889219931676,S1,29.875177487825802,10.457231434347639,51.903928071304215,12.180624708260792
forefront,forefront,3,1.335009534753521,0.0125,870.8972992895656,1947.8970065308333,3130.2898654351343,802.7418638902251,1909.56167503246,2888.4432424110323,S1,30.03111900594202,10.52216695840587,52.03447602376807,12.147690934637799
forefront,forefront,3,1.3412595347535208,0.01875,1024.5150851467797,2174.811697149956,3253.016255292629,922.1897189173696,2122.9887964296577,3105.9979193230083,S1,30.086505410579566,10.456422660724648,52.09861871420281,12.039267982173946
forefront,forefront,3,1.3475095347535209,0.025,898.0779300427363,2241.1258559188004,3114.9065020656462,1031.0471888980258,2287.4545476923104,3185.154165546366,S1,30.127750291739208,10.456035672608685,52.095678946521836,12.03207134521737
forefront,forefront,3,1.3537595347535207,0.03125,1132.9760529141633,2503.9752046626127,3116.6376019899753,1156.4669455905484,2412.878689632111,3235.7177991479953,S1,30.1,10.41752997028991,52.06,11.972047952463857
forefront,forefront,3,1.3600095347535208,0.0375,1361.7388359521742,2615.7916659728576,3381.1682664291634,1269.972378565488,2445.6117091386254,3293.876512885055,S1,30.29333274985492,10.485714035652109,52.03285701782605,11.939047660724649
forefront,forefront,3,1.366259534753521,0.04375,1388.5177165732737,2437.5925094258278,3431.9405671205823,1391.2988603952035,2471.4183541314324,3346.8598915121806,S1,30.362018565652356,10.50589327391315,52.06341067260869,11.919767982173944
forefront,forefront,3,1.3725095347535208,0.05,1476.784899958406,2378.5252198654757,3337.4378732758005,1511.0835549825022,2472.766457783109,3358.550493391381,S1,30.208916958405872,10.393047952463855,51.97609590492771,11.870654970289909
forefront,forefront,3,1.3787595347535209,0.05625,1599.2579403999298,2574.164882422672,3382.0344731369814,1601.5107378213834,2517.2793266855083,3352.693574929826,S1,30.35487412478238,10.47658274985492,51.75178055376832,11.891636696376757
forefront,forefront,3,1.3850095347535207,0.0625,1763.4170370528223,2571.131116133025,3281.2839071099615,1576.109090056253,2500.2061088040123,3277.9999421342377,S1,30.295857893043674,10.502928946521838,51.61,11.826071636956577
forefront,forefront,3,1.3912595347535208,0.06875,1781.8288925439388,2454.6590422797617,3301.430155798645,1393.3916783309148,2372.5033318335336,3203.056090861304,S1,30.13,10.416755994057981,51.55485189898569,11.78
forefront,forefront,3,1.397509534753521,0.075,1071.9487333295988,2091.719837087814,3084.529336374078,1186.14010250707,2151.4891897386983,3117.087026569488,S1,30.084381285797186,10.375785964347891,51.30314385739156,11.734381285797186
forefront,forefront,3,1.4037595347535208,0.08125,921.7950585439792,1908.0886898485198,3037.4306800228737,1019.6200681985774,1957.0962173644211,3065.791045129606,S1,29.87862587521762,10.292875291739206,51.191839327391314,11.675517982173945
forefront,forefront,3,1.4100095347535209,0.0875,1065.6286446712024,1871.4801251569295,3083.120906810656,967.1206590845399,1880.373835714732,3044.48349127887,S1,29.724952047536146,10.23061900594202,51.09823888710166,11.560714910869727
forefront,forefront,3,1.4162595347535207,0.09375,914.4505059874862,1827.2959685344563,3020.6066748218705,895.018713470627,1826.220988229702,3015.678423348904,S1,29.82154137492746,10.292314767680974,50.867685232319026,11.429232017826054
forefront,forefront,3,1.4225095347535208,0.1,852.4828521586621,1851.625259120563,2997.4099178024703,855.8724621825,1757.0490552615267,2956.0411310892246,S1,29.908749708260796,10.332500583478412,50.733392982173946,11.333750875217618
forefront,forefront,3,1.428759534753521,0.10625,800.6840284013517,1663.964326252404,2850.1068006433316,817.784059227973,1584.815322858071,2687.665849963516,S1,29.836077922753763,10.190059940579816,50.608083916811744,11.19203596434789
forefront,forefront,3,1.4350095347535208,0.1125,778.8140154192012,1344.8514949283788,2215.480831444746,798.2682474215477,1438.2665923711486,2387.8529298919552,S1,29.623618714202813,10.234523392753516,50.4,11.187738303623242
forefront,forefront,4,1.4412595347535209,0.11875,799.686565846458,1217.8856652894644,1897.8320834692513,801.2249723201056,1305.940662319359,2094.067812199996,S1,29.74657076173896,10.31835730956526,50.41164269043474,11.107982601304466
forefront,forefront,4,1.4475095347535207,0.125,809.056818059572,1267.1164169369474,1980.4614837308302,811.7840319062146,1291.4759460866528,2029.1321609795843,S1,29.822416958405874,10.241678946521837,50.375571928695784,10.992416958405874
forefront,forefront,4,1.4537595347535208,0.13125,819.4218403475923,1316.087406904606,2039.670811665655,833.3602811858851,1303.2655710035422,2014.7485797687277,S1,29.696071928695787,10.168690642898595,50.28086330362325,10.905208625072541
forefront,forefront,4,1.460009534753521,0.1375,854.6681337048923,1335.7982755235732,2060.886271836192,860.7973884290832,1338.8804595466333,2055.7356965210643,S1,29.551428363043424,10.179142982173945,50.290857017826056,10.79885730956526
forefront,forefront,4,1.4662595347535208,0.14375,897.9064888092043,1366.618254462055,2069.970016244784,890.7849376928217,1372.6286953085353,2093.7574863543036,S1,29.646648101014303,10.12530394652184,50.31451198811596,10.751767982173947
forefront,forefront,4,1.4725095347535209,0.15,929.0629159483459,1411.8641279290455,2122.5393238127317,917.7105615976828,1402.0220757256393,2137.3714369621453,S1,29.780404678550703,10.101618714202813,50.34161871420281,10.808035089130271
forefront,forefront,4,1.4787595347535207,0.15625,945.7437585376913,1438.7858525698757,2199.5084783216766,935.2165900602628,1427.015211219079,2185.5489524095074,S1,29.659768565652364,10.063393273913153,50.44894605347816,10.849357309565262
forefront,forefront,4,1.4850095347535208,0.1625,949.8191566376172,1447.2018159402398,2248.785207744756,942.2827027994559,1446.7306973958257,2230.243585972399,S1,29.71178508913027,9.990238011884037,50.53142807130422,10.87119005942018
forefront,forefront,4,1.491259534753521,0.16875,943.0234618910272,1458.8353638433828,2272.9822100114206,940.9311157115848,1461.499549013326,2263.6189102018484,S1,29.83164926797113,9.958453214492968,50.7350521960866,10.959690642898593
forefront,forefront,4,1.4975095347535208,0.175,935.386275029368,1476.4952081521708,2288.8610881990553,932.747308491304,1474.0622974082373,2282.8096360428317,S1,29.75,9.789857309565262,51.18646257695607,11.015606434347639
forefront,forefront,4,1.5037595347535209,0.18125,919.8321885535171,1488.843689730906,2298.594266922762,916.7968592448373,1484.9224150074622,2291.9637289140005,S1,29.89988011884036,9.755011988115964,51.48742207724624,11.092505994057982
forefront,forefront,4,1.5100095347535207,0.1875,895.1721141516268,1496.5024986305561,2298.773955179941,891.5194776311372,1494.9338783104213,2294.6931781743237,S1,30.149046785507025,9.839571053478162,51.77876082115914,11.209428071304217
forefront,forefront,4,1.5162595347535208,0.19375,859.5541301882675,1500.0140399568513,2293.9765862480617,856.0887049172215,1504.215357555111,2295.601322710317,S1,30.36749883304317,9.810357309565262,52.34642690434739,11.433392106956324
forefront,forefront,4,1.522509534753521,0.2,813.5398704117703,1511.245334761487,2293.349222357043,814.5443119364489,1514.2476370480952,2298.9713551884233,S1,30.6335590653622,9.784869005942017,52.77659415449247,11.608952047536146
forefront,forefront,4,1.5287595347535208,0.20625,770.5389352093089,1528.6725422940144,2299.107324346892,767.6126251901482,1527.0428212444592,2320.1983550785903,S1,30.69,9.84861871420281,53.24705760666616,11.789219446231677
forefront,forefront,4,1.5350095347535209,0.2125,718.7590699493651,1537.8060718841753,2319.4418256824206,711.8693992586478,1540.008078913829,2363.726515654211,S1,30.944427487825802,9.860214327391315,53.86906930304293,12.00635643434764
forefront,forefront,4,1.5412595347535207,0.21875,646.3101926172698,1555.8463962762135,2416.207847490233,646.2002941078889,1553.1009382541333,2425.2781800572143,S1,31.426928071304214,9.87,54.22141608318825,12.23488011884036
forefront,forefront,4,1.5475095347535208,0.225,573.531619757032,1568.6720563829076,2534.81104836626,580.2246527790488,1564.0184341186111,2486.813778020756,S1,31.477678946521838,9.827678946521836,54.419344446231676,12.413511696376757
forefront,forefront,4,1.553759534753521,0.23125,520.8321459628448,1571.762166411276,2565.8931869672483,525.4315745361546,1578.0120769108698,2532.980447729315,S1,31.73790892217345,9.844446053478164,54.90667632086899,12.504446053478164
forefront,forefront,4,1.560009534753521,0.2375,481.9309578885869,1581.3518573741862,2549.7177112521163,487.23174917705455,1598.3862369777817,2558.796329833904,S1,32.1678081901446,9.975809065362204,55.44476023768075,12.635809065362205
forefront,forefront,4,1.5662595347535209,0.24375,458.9321436797319,1618.6778186093597,2565.3597053327867,464.28604788824106,1626.185358515031,2575.970441072459,S1,32.144154678550706,9.876762571594377,55.76608816043449,12.655458625072539
forefront,forefront,4,1.5725095347535207,0.25,451.9950420964045,1668.5016657147748,2587.2786158328945,454.59623018881956,1659.7208629221516,2620.5867284964443,S1,32.34596257695607,9.822570761738955,56.1568912317387,12.681642106956323
forefront,forefront,4,1.5787595347535208,0.25625,450.79852854822036,1698.1408243712292,2622.2137217169206,452.90085061899987,1682.0980816767922,2683.7477215915437,S1,32.81479020797064,9.937976023768073,56.65675424362275,12.78
forefront,forefront,4,1.585009534753521,0.2625,453.72796748424,1723.1513457485848,2811.6720010110535,454.3676813331419,1691.2869782618855,2750.773838894716,S1,33.08068976768098,9.95,57.24316462449223,12.770547660724649
forefront,forefront,4,1.591259534753521,0.26875,456.8934813923254,1685.9760112455747,2893.748563938687,458.43475771095547,1656.3821888355415,2776.968112706618,S1,33.05292807130422,9.938089327391314,57.58923085086924,12.803374708260796
forefront,forefront,4,1.5975095347535209,0.275,459.06310099342085,1591.112137452648,2778.0581298576826,464.89675153926464,1605.2281267533724,2731.0309012788525,S1,33.21553508913027,9.899416958405872,58.02786725550679,12.864369005942018
forefront,forefront,4,1.6037595347535207,0.28125,473.23198645520057,1538.5962315618945,2620.1695085445067,473.23198645520057,1538.5962315618945,2620.1695085445067,S1,33.436546785507026,9.825863303623244,58.60453962449221,12.829035964347892
